年度,賞,名称,URL,受賞者,賞提供者,データソース
2012,最優秀賞,データシティ鯖江,http://data.city.sabae.lg.jp/,福井県鯖江市,オープンデータ流通推進コンソーシアム,http://www.vled.or.jp/odpc-archive/event/2013/000076/
2012,優秀賞,2013 International Open Data Day,http://odhd13.okfn.jp/,OKFJ及び全国の開催地域,オープンデータ流通推進コンソーシアム,http://www.vled.or.jp/odpc-archive/event/2013/000076/
2012,優秀賞,図書館横断検索サービス「カーリル」,https://calil.jp/,カーリル,オープンデータ流通推進コンソーシアム,http://www.vled.or.jp/odpc-archive/event/2013/000076/
2012,優秀賞,Where Does My Money Go? の日本語化と横浜市版の作成,http://spending.jp/,,オープンデータ流通推進コンソーシアム,http://www.vled.or.jp/odpc-archive/event/2013/000076/
2012,優秀賞,気象庁の一連の取り組み,http://www.jma.go.jp/jp/yoho/,気象庁,オープンデータ流通推進コンソーシアム,http://www.vled.or.jp/odpc-archive/event/2013/000076/
2012,優秀賞,あおもり映像コンテンツ・プロモーション,http://www.pref.aomori.lg.jp/amcp/,青森県,オープンデータ流通推進コンソーシアム,http://www.vled.or.jp/odpc-archive/event/2013/000076/
2012,優秀賞,LODチャレンジ,http://lodc.jp/,LODチャレンジ,オープンデータ流通推進コンソーシアム,http://www.vled.or.jp/odpc-archive/event/2013/000076/
2012,優秀賞,CKANを用いたデータカタログサイト,https://ckan.org/,,オープンデータ流通推進コンソーシアム,http://www.vled.or.jp/odpc-archive/event/2013/000076/
2012,Google賞,データシティ鯖江,http://data.city.sabae.lg.jp/,福井県鯖江市,Google Japan,http://www.vled.or.jp/odpc-archive/event/2013/000076/
2012,日本IBM賞,2013 International Open Data Day,http://odhd13.okfn.jp/,OKFJ及び全国の開催地域,日本アイ・ビー・エム,http://www.vled.or.jp/odpc-archive/event/2013/000076/
2012,日本マイクロソフト賞,横浜オープンデータソリューション発展委員会の活動,http://yokohamaopendata.jp/,横浜オープンデータソリューション発展委員会,日本マイクロソフト,http://www.vled.or.jp/odpc-archive/event/2013/000076/
2012,国際大学GLOCOM賞,東日本大震災アーカイブほか3件,http://kn.ndl.go.jp/,国立国会図書館,日本大学GLOCOM,http://www.vled.or.jp/odpc-archive/event/2013/000076/
2012,ソフトバンクテレコム賞,エレクトリカル・ジャパン,http://agora.ex.nii.ac.jp/earthquake/201103-eastjapan/energy/electrical-japan/,,ソフトバンクテレコム,http://www.vled.or.jp/odpc-archive/event/2013/000076/
2012,全国地質調査業協会連合会賞,流山市/流山市議会の取組み,http://www.city.nagareyama.chiba.jp/10763/,千葉県流山市,全国地質調査業協会連合会,http://www.vled.or.jp/odpc-archive/event/2013/000076/
2012,Open Knowledge Foundation Japan賞,電脳みやしろ,http://www.koho.or.jp/useful/recommend_website/200312_1.html,埼玉県宮代町,オープン・ナレッジ・ファウンデーション・ジャパン,http://www.vled.or.jp/odpc-archive/event/2013/000076/
2013,最優秀賞,インターナショナルオープンディ 2014,http://odhd14.okfn.jp,OKFJ及び全国の開催地域,オープンデータ流通推進コンソーシアム,http://www.vled.or.jp/odpc-archive/committee/docs/20140313_3_rikatu.pdf
2013,優秀賞,データカタログサイト試行版,http://www.data.go.jp,日本政府(内閣官房 IT総合戦略室),オープンデータ流通推進コンソーシアム,http://www.vled.or.jp/odpc-archive/committee/docs/20140313_3_rikatu.pdf
2013,優秀賞,5374(ゴミナシ),http://www.5374.jp,一般社団法人コード・フォー・カナザワ,オープンデータ流通推進コンソーシアム,http://www.vled.or.jp/odpc-archive/committee/docs/20140313_3_rikatu.pdf
2013,優秀賞,富岳3776景,http://fugaku3776.okfn.jp,静岡県と山梨県,オープンデータ流通推進コンソーシアム,http://www.vled.or.jp/odpc-archive/committee/docs/20140313_3_rikatu.pdf
2013,インディゴ賞,自分で計算してみる日本の予算2013,http://www.thinktonight.co.jp/tt02.html,think tonight Inc.,インディゴ株式会社,http://www.vled.or.jp/odpc-archive/committee/docs/20140313_3_rikatu.pdf
2013,OKFJ賞,5374(ゴミナシ),http://www.5374.jp,一般社団法人コード・フォー・カナザワ,オープン・ナレッジ・ファウンデーション・ジャパン,http://www.vled.or.jp/odpc-archive/committee/docs/20140313_3_rikatu.pdf
2013,国際大学GLOCOM賞,LinkData.org,http://linkdata.org/,理研豊田研究室,国際大学GLOCOM,http://www.vled.or.jp/odpc-archive/committee/docs/20140313_3_rikatu.pdf
2013,jig.jp賞,Code for KOSEN,http://codeforkosen.org/,Code for KOSEN,株式会社jig.jp,http://www.vled.or.jp/odpc-archive/committee/docs/20140313_3_rikatu.pdf
2013,トーマツ賞,アグリノート,http://www.agri-note.jp/,ウォーターセル株式会社,有限責任監査法人トーマツ,http://www.vled.or.jp/odpc-archive/committee/docs/20140313_3_rikatu.pdf
2013,日本IBM賞,ちばレポ,https://chibarepo.secure.force.com/,ちば市民協働レポート実証実験運営事務局 千葉市広聴課,日本アイ・ビー・エム,http://www.vled.or.jp/odpc-archive/committee/docs/20140313_3_rikatu.pdf
2013,日本マイクロソフト賞,Fukuoka Facts,http://facts.city.fukuoka.lg.jp/,福岡市(市長室 広報戦略室 広報戦略課) 製作:COUPS Inc.,日本マイクロソフト株式会社,http://www.vled.or.jp/odpc-archive/committee/docs/20140313_3_rikatu.pdf
2014,最優秀賞,東京メトロ「オープンデータ活用コンテスト」,http://awards.tokyometroapp.jp/,東京地下鉄株式会社,VLED,http://www.vled.or.jp/news/1503/150324_001143.php
2014,日本マイクロソフト賞,東京メトロ「オープンデータ活用コンテスト」,http://awards.tokyometroapp.jp/,東京地下鉄株式会社,日本マイクロソフト,http://www.vled.or.jp/news/1503/150324_001143.php
2014,優秀賞,Code for Japan,http://code4japan.org/,Code for Japan,VLED,http://www.vled.or.jp/news/1503/150324_001143.php
2014,アパハウ賞,GEEO,http://geeo.otani.co/,株式会社おたに,アパハウ,http://www.vled.or.jp/news/1503/150324_001143.php
2014,勝手地方創生賞,株式会社CCLオープンデータ事業,http://cc-lab.co.jp/business/business05.html,株式会社CCL,株式会社jig.jp,http://www.vled.or.jp/news/1503/150324_001143.php
2014,CiP準備会賞,家計簿・会計アプリ「Zaim」,https://zaim.net/,株式会社Zaim,CiP協議会,http://www.vled.or.jp/news/1503/150324_001143.php
2014,日本IBM賞,横浜ユースフォーラム 〜若者が起こす横浜のオープンイノベーション〜,http://www.city.yokohama.lg.jp/seisaku/seisaku/opendata/,横浜市・横浜オープンデータソリューション発展委員会,日本アイ・ビー・エム,http://www.vled.or.jp/news/1503/150324_001143.php
2014,ニューメディアリスク協会賞,病院データグラフィカ,http://archive.fo/xXczt,医療ビッグデータ勉強会,ニューメディアリスク協会,http://www.vled.or.jp/news/1503/150324_001143.php
2014,融合研究所賞,東寺百合文書オープンデータ化,http://hyakugo.kyoto.jp/,京都府立総合資料館,融合研究所,http://www.vled.or.jp/news/1503/150324_001143.php
2015,最優秀賞,クルマと道の未来を描く もっと! しずみちinfo,http://www.city.shizuoka.jp/389_000017.html,静岡市、トヨタIT開発センター,VLED,http://www.vled.or.jp/news/1603/160324_001368.php
2015,優秀賞,政府標準利用規約改定(第2.0版),http://www.kantei.go.jp/jp/singi/it2/densi/kettei/gl2_betten_1_gaiyou.pdf,内閣官房 情報通信技術(IT)総合戦略室,VLED,http://www.vled.or.jp/news/1603/160324_001368.php
2015,優秀賞,国土地理院におけるオープンイノベーションの取り組み,http://www.gsi.go.jp/index.html,国土地理院,VLED,http://www.vled.or.jp/news/1603/160324_001368.php
2015,Open Knowledge賞,国土地理院におけるオープンイノベーションの取り組み,http://www.gsi.go.jp/index.html,国土地理院,オープン・ナレッジ・ファウンデーション・ジャパン,http://www.vled.or.jp/news/1603/160324_001368.php
2015,全国地質調査業協会連合会賞,国土地理院におけるオープンイノベーションの取り組み,http://www.gsi.go.jp/index.html,国土地理院,全国地質調査業協会連合会,http://www.vled.or.jp/news/1603/160324_001368.php
2015,広域データ賞,福井県・県内17市町におけるオープンデータの共同公開,http://www.pref.fukui.lg.jp/doc/toukei-jouhou/opendata/list_ct.html,福井県及び県内17市町,VLED,http://www.vled.or.jp/news/1603/160324_001368.php
2015,笑顔賞,SIM熊本2030(対話型自治体経営シミュレーションゲーム),http://www.cps.kumamoto-u.ac.jp/seisakusozo/compe/2014/poster/poster2014_1.pdf,くまもとSMILEネット(熊本県職員自主活動グループ),株式会社jig.jp,http://www.vled.or.jp/news/1603/160324_001368.php
2015,CiP協議会賞,社会資源プラットフォーム ミルモシリーズ,http://www.welmo.co.jp/service.html,株式会社ウェルモ,CiP協議会,http://www.vled.or.jp/news/1603/160324_001368.php
2015,日本IBM賞,Code for Japan Summit 2015,http://summit2015.code4japan.org/,一般社団法人コード・フォー・ジャパン,日本アイ・ビー・エム,http://www.vled.or.jp/news/1603/160324_001368.php
2015,日本マイクロソフト賞,札幌オープンデータ協議会の活動,http://sapporo.odcity.org/,札幌市、札幌市内の観光・スポーツ関連団体等,日本マイクロソフト,http://www.vled.or.jp/news/1603/160324_001368.php
2015,ニューメディアリスク協会賞,政務活動費や国会議員資産の集計結果のCSVファイル公開,http://www.asahi.com/topics/word/%E6%94%BF%E5%8B%99%E6%B4%BB%E5%8B%95%E8%B2%BB%E5%85%A8%E5%9B%BD%E8%AA%BF%E6%9F%BB.html,朝日新聞デジタル編集部、大阪社会部、政治部,ニューメディアリスク協会,http://www.vled.or.jp/news/1603/160324_001368.php
2015,融合研究所賞,Umbrella stand及びDust bin,https://www.au.com/information/topic/auwallet/20150825-01/,KDDI株式会社,融合研究所,http://www.vled.or.jp/news/1603/160324_001368.php
2016,最優秀賞,官民データ活用推進基本法,http://www.shugiin.go.jp/internet/itdb_gian.nsf/html/gian/honbun/houan/g19201008.htm,立法に関わった各党委員(代表して、衆議院議員　平井たくや氏),VLED,http://www.vled.or.jp/committee/170309_rikatsu2.pdf
2016,優秀賞,神Excel問題への取組み,http://nlab.itmedia.co.jp/nl/articles/1611/04/news107.html,衆議院議員 河野太郎氏,VLED,http://www.vled.or.jp/committee/170309_rikatsu2.pdf
2016,優秀賞,国税庁法人番号公表サイトおよび経済産業省法人インフォメーション,http://www.houjin-bangou.nta.go.jp/,国税庁/経済産業省,VLED,http://www.vled.or.jp/committee/170309_rikatsu2.pdf
2016,優秀賞,厚生労働省によるNDB(レセプト情報・特定健診等情報データベース)オープンデータ化,http://www.mhlw.go.jp/stf/seisakunitsuite/bunya/0000139390.html,厚生労働省,VLED,http://www.vled.or.jp/committee/170309_rikatsu2.pdf
2016,優秀賞,都道府県議会議事録横断検索「yonalog」および地方議会議事録横断検索「議事ロックス」,http://yonalog.net/,Bitlet合同会社/小田恭央氏,VLED,http://www.vled.or.jp/committee/170309_rikatsu2.pdf
2016,貢献賞,RESAS-APIによるRESAS(地域経済分析システム)データの提供,https://opendata.resas-portal.go.jp/,内閣府 地方創生推進室,VLED,http://www.vled.or.jp/committee/170309_rikatsu2.pdf
2016,貢献賞,気象ビジネス推進コンソーシアム,http://www.data.jma.go.jp/developer/consortium/index.html,気象庁,VLED,http://www.vled.or.jp/committee/170309_rikatsu2.pdf
2016,日本マイクロソフト賞,大東京防犯ネットワーク,http://www.bouhan.metro.tokyo.jp/,東京都青少年・治安対策本部,日本マイクロソフト,http://www.vled.or.jp/committee/170309_rikatsu2.pdf
2016,Open Knowledge Japan賞,日本古典籍に関するオープンデータ化,http://codh.rois.ac.jp/pmjt/,国文学研究資料館、人文学オープンデータ共同利用センター準備室,オープン・ナレッジ・ファウンデーション・ジャパン,http://www.vled.or.jp/committee/170309_rikatsu2.pdf
2016,全国地質調査業協会連合会賞,区役所庁舎を活用したCode for Japan Summitの開催,http://summit2016.code4japan.org/,横浜市金沢区、一般社団法人コード・フォー・ジャパン,全国地質調査業協会連合会,http://www.vled.or.jp/committee/170309_rikatsu2.pdf
2016,オープンデータ活用賞,かわさき子育てアプリ,http://www.city.kawasaki.jp/450/page/0000078442.html,川崎市,株式会社jig.jp,http://www.vled.or.jp/committee/170309_rikatsu2.pdf
2016,CiP協議会賞,ルヴァンカップ決勝(360°自由視点映像実証実験),http://blog.domesoccer.jp/archives/60061779.html,公益社団法人日本プロサッカーリーグ、キヤノン株式会社,CiP協議会,http://www.vled.or.jp/committee/170309_rikatsu2.pdf
2016,日本アイ・ビー・エム賞,共通フォーマットによる県・県内市町村のオープンデータ公開,https://opendata.pref.saitama.lg.jp/,埼玉県オープンデータワーキンググループ一同,日本アイ・ビー・エム,http://www.vled.or.jp/committee/170309_rikatsu2.pdf
2016,ニューメディアリスク協会賞,神戸市・バルセロナ市連携 World Data Viz Challenge 2016,http://kobe-barcelona.net/,神戸市,ニューメディアリスク協会,http://www.vled.or.jp/committee/170309_rikatsu2.pdf
2016,融合研究所賞,除雪車情報のwebAPIによる公開と通れる雪道MAPの開発,http://aizuwakamatsu.jyosetsu.jp/,会津若松市、トヨタIT開発センター、CODE for AIZU、会津大学、デザイニウム,融合研究所,http://www.vled.or.jp/committee/170309_rikatsu2.pdf
2016,Disruptive Innovation Award,データ駆動型グリーン関数法による犯罪予測,http://kajitapp.com/PatrolMap/support/index.php,梶田真実氏、梶田晴司氏,日本オラクル,http://www.vled.or.jp/committee/170309_rikatsu2.pdf
2017,最優秀賞,法制執務業務支援システム(e-LAWS)法令データのオープンデータ化,https://elaws.e-gov.go.jp/search/elawsSearch/elaws_search/lsg0100/,総務省 行政管理局,VLED,http://www.vled.or.jp/news/1803/180314_001495.php
2017,優秀賞,いらすとや,https://www.irasutoya.com/,みふねたかし,VLED,http://www.vled.or.jp/news/1803/180314_001495.php
2017,優秀賞,Code for 選挙 ~衆院選2017候補者オープンデータ作成プロジェクト~,http://election.code4japan.org/,一般社団法人Code for Japanおよび有志メンバー,VLED,http://www.vled.or.jp/news/1803/180314_001495.php
2017,優秀賞,ひなたGIS,https://hgis.pref.miyazaki.lg.jp/hinata/,宮崎県庁 情報政策課　落合 謙次,VLED,http://www.vled.or.jp/news/1803/180314_001495.php
2017,貢献賞,3Dレーザーセンサーを用いた「体操の採点支援」,https://sports-topics.jp.fujitsu.com/sports_digital_solution/gymnastics-scoring-support/,富士通株式会社および株式会社富士通研究所,VLED,http://www.vled.or.jp/news/1803/180314_001495.php
2017,貢献賞,Asia Open Data Hackathon,https://www.asia-opendata-challenge.com/,Open Data Alliance of Taiwanおよび台北駐日經濟文化代表處經濟組,VLED,http://www.vled.or.jp/news/1803/180314_001495.php
2017,貢献賞,気象データを活用した「食品ロスの削減」,https://ecologi-jwa.jp/,一般財団法人日本気象協会および相模屋食料株式会社,VLED,http://www.vled.or.jp/news/1803/180314_001495.php
2017,貢献賞,公会計の改革~資産台帳の整備およびデータの公開~,https://www.town.tobe.ehime.jp/soshiki/1/koteisisandaityou.html,砥部町役場,VLED,http://www.vled.or.jp/news/1803/180314_001495.php
2017,貢献賞,3次元点群データのオープンデータ化の取組み,https://pointcloud.pref.shizuoka.jp/,静岡県 交通基盤部,VLED,http://www.vled.or.jp/news/1803/180314_001495.php
2017,日本IBM賞,データ利活用型スマートシティさいたまモデル/美園タウンマネジメント協会,https://www.misono-tm.org/udcmi/info/news/2782.html,さいたま市および一般社団法人美園タウンマネジメント,日本アイ・ビー・エム,http://www.vled.or.jp/news/1803/180314_001495.php
2017,jig.jp賞,宇野バスロケーション「バスまだ?」データのオープンデータ化,http://www3.unobus.co.jp/opendata/,宇野自動車株式会社,株式会社jig.jp,http://www.vled.or.jp/news/1803/180314_001495.php
2017,富士通賞,東京都のオープンデータへの取り組み&公金支出一件ごとの公開&東京都アイデアソンキャラバン,https://portal.data.metro.tokyo.lg.jp/,東京都,富士通,http://www.vled.or.jp/news/1803/180314_001495.php
2017,OpenKnowledge賞,法制執務業務支援システム(e-LAWS)法令データのオープンデータ化,https://elaws.e-gov.go.jp/search/elawsSearch/elaws_search/lsg0100/,総務省 行政管理局,OpenKnowledge,http://www.vled.or.jp/news/1803/180314_001495.php
2017,日本マイクロソフト賞,文字情報基盤整備事業の漢字の国際規格化,https://mojikiban.ipa.go.jp/,独立行政法人情報処理推進機構,日本マイクロソフト,http://www.vled.or.jp/news/1803/180314_001495.php
2017,融合研究所賞,シビックパワーバトル,https://www.civicpowerbattle.org/,シビックパワーバトル実行委員会,融合研究所,http://www.vled.or.jp/news/1803/180314_001495.php
2017,CiP協議会賞,data eye 高梁川流域圏データポータル,https://takahashi-riv.dataeye.jp/,一般社団法人データクレイドル,CiP協議会,http://www.vled.or.jp/news/1803/180314_001495.php
2017,ニューメディアリスク協会賞,市税の使い道ポータルサイト,http://use4publicfee.city.chiba.jp/,千葉市,ニューメディアリスク協会,http://www.vled.or.jp/news/1803/180314_001495.php
2017,東京大学オープンデータセンター(UTODC)賞,KYOTO DKAN,https://data.city.kyoto.lg.jp/,京都市およびANNAI株式会社,東京大学オープンデータセンター(UTODC),http://www.vled.or.jp/news/1803/180314_001495.php
2017,東京大学オープンデータセンター(UTODC)賞,BODIK オープンデータセンター,https://www.bodik.jp/opendatacenter/,ビッグデータ&オープンデータ・イニシアティブ九州,東京大学オープンデータセンター(UTODC),http://www.vled.or.jp/news/1803/180314_001495.php
2017,ウイングアーク1st賞,KYOTO DKAN,https://data.city.kyoto.lg.jp/,京都市およびANNAI株式会社,ウイングアーク1st,http://www.vled.or.jp/news/1803/180314_001495.php
2018,最優秀,ダイヤ編成支援システム「その筋屋」,http://www.sinjidai.com/sujiya/,Sujiya Systems,VLED,http://www.vled.or.jp/news/1903/190312_001530.php
2018,優秀賞,3dcel.,https://3dcel.com/,3D City Experience Lab.,VLED,http://www.vled.or.jp/news/1903/190312_001530.php
2018,優秀賞,省庁横断の報告書検索サービス「CLIP」,https://note.com/01mokuba/n/n9c2e6b5a43ef,Mokuba,VLED,http://www.vled.or.jp/news/1903/190312_001530.php
2018,優秀賞,子どもとお出かけ情報サイト「いこーよ」,https://iko-yo.net/,アクトインディ株式会社,VLED,http://www.vled.or.jp/news/1903/190312_001530.php
2018,優秀賞,まちもん/FixMyStreet Japan,https://www.fixmystreet.jp/,ダッピスタジオ合同会社,VLED,http://www.vled.or.jp/news/1903/190312_001530.php
2018,貢献賞,商用バスロケとして、全国初標準的オープンデータ公開,https://www.ryobi.co.jp/products/busvision,株式会社リオス,VLED,http://www.vled.or.jp/news/1903/190312_001530.php
2018,貢献賞,古文書等オープンデータ画像のビジネス等への利活用促進,https://www.oml.city.osaka.lg.jp/?page_id=1633,大阪市立図書館,VLED,http://www.vled.or.jp/news/1903/190312_001530.php
2018,貢献賞,窓口のリアルタイム混雑情報のオープンデータ化,https://www.riprice.co.jp/case/goverment/case-20181029/,川崎市 総務企画局情報管理部ICT推進課,VLED,http://www.vled.or.jp/news/1903/190312_001530.php
2018,コンプリート賞,福井県及び県内市町村,https://www.pref.fukui.lg.jp/,福井県及び県内市町村,VLED,http://www.vled.or.jp/news/1903/190312_001530.php
2018,コンプリート賞(間に合った!)賞,京都府内市町村及び京都府,https://www.pref.kyoto.jp/,京都府内市町村及び京都府,VLED,http://www.vled.or.jp/news/1903/190312_001530.php
2018,コンプリート(惜しい!)賞,青森県及び県内市町村,https://www.pref.aomori.lg.jp/,青森県及び県内市町村,VLED,http://www.vled.or.jp/news/1903/190312_001530.php
2018,CiP協議会賞,オープンデータ官民ラウンドテーブル,https://www.gyoukaku.go.jp/ebpm/img/roundtable.pdf,内閣官房IT総合戦略室,CiP協議会,http://www.vled.or.jp/news/1903/190312_001530.php
2018,ニューメディアリスク協会賞,平成30年度政府衛星データのオープン&フリー化及びデータ利用環境整備事業,https://www.tellusxdp.com/,さくらインターネット株式会社,ニューメディアリスク協会,http://www.vled.or.jp/news/1903/190312_001530.php
2018,融合研究所賞,東京都水道局オープンデータ化,https://www.waterworks.metro.tokyo.jp/kouhou/pip/opendata/,東京都水道局,融合研究所,http://www.vled.or.jp/news/1903/190312_001530.php
2018,OpenKnowledge賞,まちもん/FixMyStreet Japan,https://www.fixmystreet.jp/,ダッピスタジオ合同会社,OpenKnowledge,http://www.vled.or.jp/news/1903/190312_001530.php
2018,シビックテック賞(jig.jp),「秋田竿燈まつり」演技場所のオープンデータ化,https://code4akita.org/labs/kanto/,Code for Akita　小林(こばやし)様,株式会社jig.jp,http://www.vled.or.jp/news/1903/190312_001530.php
2018,Advanced Analytics 賞(日本オラクル株式会社),計画的な行政運営のためのデータ分析取り組み,https://www.city.okazaki.lg.jp/1300/1301/1338/p011068.html,岡崎市,日本オラクル株式会社,http://www.vled.or.jp/news/1903/190312_001530.php
2018,「いこーよ」子育て・観光推進賞(アクトインディ株式会社),第1回NPOと行政のテーマ別意見交換会,https://www.pref.aichi.jp/soshiki/syakaikatsudo/ikenkoukankai2018.html,愛知県,アクトインディ株式会社,http://www.vled.or.jp/news/1903/190312_001530.php
2018,ASPIC・ますます発展していこーよ賞,子どもとお出かけ情報サイト「いこーよ」,https://iko-yo.net/,アクトインディ株式会社,ASPIC,http://www.vled.or.jp/news/1903/190312_001530.php
2018,日本マイクロソフト賞,子どもとお出かけ情報サイト「いこーよ」,https://iko-yo.net/,アクトインディ株式会社,日本マイクロソフト,http://www.vled.or.jp/news/1903/190312_001530.php
2018,富士通賞,「まつやまデータ利活用研究協議会」の設置と取組み,https://www.ehime-u.ac.jp/post-98168/,まつやまデータ利活用研究協議会,富士通,http://www.vled.or.jp/news/1903/190312_001530.php
2019,最優秀賞,JUDGIT!,https://judgit.net/,政策シンクタンク 構想日本、日本大学文理学部情報科学科 尾上洋介研究室、Visualizing.JP、ジャーナリズムNGO ワセダクロニクル,VLED,http://www.vled.or.jp/news/2003/200318_001558.php
2019,最優秀賞,九谷焼の図柄を印刷した紙皿,https://yoshita-design.com/work/kutani-p/,株式会社ヨシタデザインプランニング,VLED,http://www.vled.or.jp/news/2003/200318_001558.php
2019,優秀賞,都市計画基礎調査情報のオープン化に向けた取組,https://www.mlit.go.jp/toshi/city_plan/toshi_city_plan_tk_000049.html,国土交通省、都市計画基礎調査データ流通研究会,VLED,http://www.vled.or.jp/news/2003/200318_001558.php
2019,優秀賞,大雨危険度通知,https://promo-mobile.yahoo.co.jp/risklevel/,ヤフー株式会社,VLED,http://www.vled.or.jp/news/2003/200318_001558.php
2019,優秀賞,東京・小学校区「教育環境力」ランキング,https://diamond.jp/list/series/p-elementaryschool,株式会社ダイヤモンド社　ダイヤモンド・アナリティクスチーム,VLED,http://www.vled.or.jp/news/2003/200318_001558.php
2019,優秀賞,オープンデータ共同作成システム「オープンデータコラボレータ」,https://www.mirko.jp/odcollab/,林　正洋,VLED,http://www.vled.or.jp/news/2003/200318_001558.php
2019,優秀賞,農地の区画情報(筆ポリゴン)のオープンデータ化,https://www.maff.go.jp/j/tokei/porigon/,農林水産省,VLED,http://www.vled.or.jp/news/2003/200318_001558.php
2019,貢献賞,Mini Tokyo 3D,https://minitokyo3d.com/,草薙昭彦,VLED,http://www.vled.or.jp/news/2003/200318_001558.php
2019,貢献賞,川の水位情報,http://www.river.or.jp/riverwaterlevels/,危機管理型水位計運用協議会,VLED,http://www.vled.or.jp/news/2003/200318_001558.php
2019,貢献賞,地図の利用手続の緩和,https://www.gsi.go.jp/kikakuchousei/riyoukiyaku_kaitei.html,国土地理院,VLED,http://www.vled.or.jp/news/2003/200318_001558.php
2019,貢献賞,webAPIによるイベント情報のオープンデータ化,https://www.city.kawasaki.jp/170/page/0000111012.html,川崎市,VLED,http://www.vled.or.jp/news/2003/200318_001558.php
2019,ASPIC賞(特定非営利活動法人 ASP・SaaS・IoT クラウド コンソーシアム),ごみ収集予測・最適化サービス「enevo」,https://www.enevo.co.jp/,Enevo Japan株式会社,ASPIC,http://www.vled.or.jp/news/2003/200318_001558.php
2019,BODIK賞(公益財団法人 九州先端科学技術研究所),沖縄県におけるISCOのオープンデータに関する取り組み,https://isc-okinawa.org/,一般財団法人 沖縄ITイノベーション戦略センター(ISCO),BODIK,http://www.vled.or.jp/news/2003/200318_001558.php
2019,CiP協議会賞,お肉のフリー素材サイト「oniku images」,http://www.tenandoproject.com/onikuimages/,小林市(宮崎県),CiP協議会,http://www.vled.or.jp/news/2003/200318_001558.php
2019,融合研究所賞,my route,https://www.myroute.fun/,トヨタ自動車株式会社、西日本鉄道株式会社,融合研究所,http://www.vled.or.jp/news/2003/200318_001558.php
2019,ニューメディアリスク協会賞,標準的なフェリー・旅客船航路情報フォーマット,https://www.mlit.go.jp/report/press/kaiji03_hh_000124.html,国土交通省,ニューメディアリスク協会,http://www.vled.or.jp/news/2003/200318_001558.php
2019,jig.jp賞,海外安全情報オープンデータ,https://www.ezairyu.mofa.go.jp/html/opendata/index.html,外務省,株式会社jig.jp,http://www.vled.or.jp/news/2003/200318_001558.php
2019,OKJP賞,学校教育情報サイト「Gaccom(ガッコム)」,https://www.gaccom.jp/,株式会社ガッコム,OKJP,http://www.vled.or.jp/news/2003/200318_001558.php
2019,子どもとおでかけ「いこーよ」賞,ゑびやの来客予測AI,https://ebilab.jp/,ゑびや・EBILAB,アクトインディ株式会社,http://www.vled.or.jp/news/2003/200318_001558.php
2019,日本オラクル賞,「特定非営利活動法人 Digital Government Labs」の立ち上げ,https://www.facebook.com/DigitalGovLabs/,特定非営利活動法人 Digital Government Labs,日本オラクル,http://www.vled.or.jp/news/2003/200318_001558.php
2019,コンプリート賞,島根県及び県内市町村,https://www.pref.shimane.lg.jp/,島根県及び県内市町村,VLED,http://www.vled.or.jp/news/2003/200318_001558.php
2019,コンプリート賞,富山県及び県内市町村,http://www.pref.toyama.jp/,富山県及び県内市町村,VLED,http://www.vled.or.jp/news/2003/200318_001558.php
2019,コンプリート賞,岐阜県及び県内市町村,https://www.pref.gifu.lg.jp/,岐阜県及び県内市町村,VLED,http://www.vled.or.jp/news/2003/200318_001558.php
2020,最優秀賞,東京都新型コロナウイルス感染症対策サイト,https://stopcovid19.metro.tokyo.lg.jp/,東京都,VLED,https://www.vled.or.jp/archives/vled/news/2102/210201_001586.php.html
2020,優秀賞,シン・テレワークシステム、自治体テレワークシステム,https://telework.cyber.ipa.go.jp/news/,NTT東日本、IPA、J-LIS,VLED,https://www.vled.or.jp/archives/vled/news/2102/210201_001586.php.html
2020,優秀賞,COVID-19日本版感染予測,https://cloud.google.com/blog/ja/products/ai-machine-learning/google-and-harvard-improve-covid-19-forecasts,Google,VLED,https://www.vled.or.jp/archives/vled/news/2102/210201_001586.php.html
2020,貢献賞,Weelog!,https://www.wheelog.com/hp/,一般社団法人Weelog,VLED,https://www.vled.or.jp/archives/vled/news/2102/210201_001586.php.html
2020,貢献賞,新型コロナウイルスダッシュボード,https://www.stopcovid19.jp/,jig.jp 福野様,VLED,https://www.vled.or.jp/archives/vled/news/2102/210201_001586.php.html
2020,貢献賞,japanese-addresses,https://geolonia.github.io/japanese-addresses/,株式会社Geolonia,VLED,https://www.vled.or.jp/archives/vled/news/2102/210201_001586.php.html
2020,貢献賞,LODチャレンジ,https://lodc.jp/,LODチャレンジjapan実行委員会,VLED,https://www.vled.or.jp/archives/vled/news/2102/210201_001586.php.html
2020,貢献賞,新型コロナウイルス感染症対策のためのデータ公開支援と福井県オープンデータ,https://www.code4japan.org/activity/stopcovid19,Code for Japan、福井県,VLED,https://www.vled.or.jp/archives/vled/news/2102/210201_001586.php.html
2020,貢献賞,PLATEAU,https://www.mlit.go.jp/plateau/,国土交通省,VLED,https://www.vled.or.jp/archives/vled/news/2102/210201_001586.php.html
2020,貢献賞,新型コロナウイルス接触確認アプリ(COCOA),https://www.mhlw.go.jp/stf/seisakunitsuite/bunya/cocoa_00138.html,厚生労働省,VLED,https://www.vled.or.jp/archives/vled/news/2102/210201_001586.php.html
2020,コンプリート賞,石川県,https://www.pref.ishikawa.lg.jp/opendata/,石川県,VLED,https://www.vled.or.jp/archives/vled/news/2102/210201_001586.php.html
2020,コンプリート賞,静岡県,https://opendata.pref.shizuoka.jp/,静岡県,VLED,https://www.vled.or.jp/archives/vled/news/2102/210201_001586.php.html
2020,デジタルリスク協議会賞,あんしん給食管理,https://dayori.city.fukuoka.lg.jp/156500/,福岡市、LINE Fukuoka(株)、(公財)九州先端科学技術研究所,デジタルリスク協議会,https://www.vled.or.jp/archives/vled/news/2102/210201_001586.php.html
2020,iU賞,GIGAスクール構想,https://www.mext.go.jp/a_menu/other/index_0001111.htm,文部科学省,iU,https://www.vled.or.jp/archives/vled/news/2102/210201_001586.php.html
2020,データシティ賞,Woven City,https://www.woven-city.global/,トヨタ自動車(株)、裾野市,株式会社jig.jp,https://www.vled.or.jp/archives/vled/news/2102/210201_001586.php.html
2020,BODIK賞,探求学習地図アプリ,https://www.nishinippon.co.jp/item/n/580430/,(株)ローカルメディアラボ、経済産業省、行橋市,BODIK,https://www.vled.or.jp/archives/vled/news/2102/210201_001586.php.html
2020,融合研賞,Polity Link,https://politylink.jp/,薄井光生氏,一般社団法人融合研究所,https://www.vled.or.jp/archives/vled/news/2102/210201_001586.php.html
2020,Cip賞,スタジオジブリ作品の場面写真の提供,https://www.ghibli.jp/info/013344/,(株)スタジオジブリ,一般社団法人CiP協議会,https://www.vled.or.jp/archives/vled/news/2102/210201_001586.php.html
2020,インフォ・ラウンジ賞,OpenPhotoを使った写真のオープンデータ化と、子どもとお出かけ情報サイト「いこーよ」での活用,https://www.city.owariasahi.lg.jp/sisei/data/opendata.html,尾張旭市およびアクトインディ株式会社,インフォ・ラウンジ株式会社,https://www.vled.or.jp/archives/vled/news/2102/210201_001586.php.html
2021,最優秀賞,熱海市土石流災害における点群データ活用,https://opendata.pref.shizuoka.jp/dataset/8698.html,静岡県及び静岡点群サポートチーム,Code for Japan,https://prtimes.jp/main/html/rd/p/000000047.000039198.html
2021,優秀賞,AIくずし字認識アプリ「みを(miwo)」,https://ledge.ai/tkasasagi-interview/,ROIS-DS人文学オープンデータ共同利用センター,Code for Japan,https://prtimes.jp/main/html/rd/p/000000047.000039198.html
2021,優秀賞,オープンデータ,https://www.digital.go.jp/posts/6RFwVpXp,デジタル庁 社会共通機能G データチーム,Code for Japan,https://prtimes.jp/main/html/rd/p/000000047.000039198.html
2021,貢献賞,#マンホール聖戦,https://prtimes.jp/main/html/rd/p/000000007.000079512.html,Whole Earth Foundation,Code for Japan,https://prtimes.jp/main/html/rd/p/000000047.000039198.html
2021,貢献賞,ビッグデータを活用したライフスタイル分析によるマッチング率及び成婚率向上プロジェクト,https://www.city.saijo.ehime.jp/soshiki/ijyusuishin/konkatsuccc.html,西条市,Code for Japan,https://prtimes.jp/main/html/rd/p/000000047.000039198.html
2021,貢献賞,デジタルツイン実現プロジェクト,https://info.tokyo-digitaltwin.metro.tokyo.lg.jp/,東京都,Code for Japan,https://prtimes.jp/main/html/rd/p/000000047.000039198.html
2021,貢献賞,NPTech Studio,https://nptechstudio-c4j-20210417.peatix.com/view,一般社団法人 コード・フォー・ジャパン,Code for Japan,https://prtimes.jp/main/html/rd/p/000000047.000039198.html
2021,貢献賞,東京備蓄ナビ,https://www.bichiku.metro.tokyo.lg.jp/,東京都,Code for Japan,https://prtimes.jp/main/html/rd/p/000000047.000039198.html
2021,貢献賞,箱根駅伝 3D,https://nagix.github.io/hakone-ekiden/,草薙 昭彦,Code for Japan,https://prtimes.jp/main/html/rd/p/000000047.000039198.html
2021,iU(情報経営イノベーション専門職大学)賞,「データで日本を見てみよう!」オープンデータ可視化プロジェクト,https://twitter.com/ShinagawaJP,にゃんこそば,iU,https://prtimes.jp/main/html/rd/p/000000047.000039198.html
2021,一般社団法人融合研究所賞,みえDXセンターの開設,https://www.pref.mie.lg.jp/TOPICS/m0345000002.htm,三重県デジタル社会推進局,一般社団法人融合研究所,https://prtimes.jp/main/html/rd/p/000000047.000039198.html
2021,一般社団法人CiP協議会賞,Digital Government Labsの活動,https://www.dgl.jp/,特定非営利活動法人 Digital Government Labs,一般社団法人CiP協議会,https://prtimes.jp/main/html/rd/p/000000047.000039198.html
2021,一般社団法人デジタルリスク協会賞,インターナショナルオープンデータデイ(IODD)10周年,https://opendataday.org/ja/,オープン・ナレッジ・ジャパン,一般社団法人デジタルリスク協会,https://prtimes.jp/main/html/rd/p/000000047.000039198.html
2021,jig.jp賞,箱根駅伝 3D,https://nagix.github.io/hakone-ekiden/,草薙 昭彦,株式会社jig.jp,https://prtimes.jp/main/html/rd/p/000000047.000039198.html
